img.onb.01	1519823551278-64ac92734fb1	Toa Heftiba	Hands massaging a back, warm low light
img.onb.02	1741522509438-a120c0bb5e88	Massage a Domicile	Back massage in progress
img.onb.07	1696841212541-449ca29397cc	Taylor Heery	Warm stones resting on a back
img.reg.shoulder	1745327883508-b6cd32e5dde5	Jakub Klucky	Therapist working the shoulders
img.reg.back	1706353399656-210cca727a33	Marc Zeman	Back massage, both hands
img.reg.back.alt	1700522924565-9fad1c05469e	Mat Kilkeary	Back massage, spa setting
img.reg.back.alt2	1649751295468-953038600bef	Yury Kirillov	Back massage, warm tone
img.reg.head	1598901986949-f593ff2a31a6	Katherine Hanlon	Hands on a head, warm bokeh
img.reg.face	1706795033728-9232ef548a16	Anna Keibalo	Facial massage
img.reg.ear	1757066033606-b9552acb2dd0	Anna Blake	Gentle work at the ear
img.reg.foot	1675159364615-38e1f6b62282	Oswald Elsaboath	Hands massaging a foot with oil
img.reg.foot.alt	1675159364623-6938e10245f0	Oswald Elsaboath	Foot held in two hands
img.reg.foot.alt2	1728497872660-cc6b16238c3a	Filipp Romanovski	Foot massage on a bed
img.reg.hand	1611073615830-9f76902c10fe	THLT LCX	Hand massage on a towel
img.reg.leg	1712638932314-e2b185ca0930	Mat Kilkeary	Leg massage with towel
img.reg.prone	1544161515-4ab6ce6db874	Alan Caishan	Person lying prone, draped
img.reg.rest	1701916672756-615f56fb0d4e	Taylor Heery	Hands resting on a back
img.prep.oil	1515377905703-c4788e51af15	Christin Hume	Amber glass oil bottle
img.prep.towel	1786800054088-f017f09fc650	Clay Banks	Folded towel on wood
img.prep.candle	1620733723572-11c53f73a416	Mediamodifier	Candle, warm light
img.prep.stones	1600334089648-b0d9d3028eb2	Engin Akyurt	Spa stones and ceramic
img.mood.hands	1645005512968-0c1fe99f0093	Sincerely Media	Two people's hands, connection
img.mood.couple	1699523229208-be1e1dd9252d	Edward Muntinga	Couple, hands held
